Optimize, Execute
execute /home/pei/Project/benchmarks/tpcds-kit/tools/1_instance_out_qs_Official/1/query2/query2_0.sql
0.012057612, 1.006469315
0.002172456, 0.978475932
0.001433293, 0.985060956
0.002139092, 0.982327185
0.002107444, 0.976976571
0.001476148, 0.980766894
0.002156923, 0.995345225
0.002144737, 0.997569204
0.002134562, 0.990151047
0.001466772, 0.979134667
0.002106625, 0.990539074
0.002166814, 0.988902764
0.002126811, 0.980737640
0.002125122, 0.985959234
0.001504089, 0.996887908
execute /home/pei/Project/benchmarks/tpcds-kit/tools/1_instance_out_qs_Official/1/query5/query5_0.sql
0.004215664, 0.703167090
0.004488755, 0.670085070
0.005501769, 0.679882345
0.004123253, 0.667606297
0.005572393, 0.671528955
0.004193577, 0.669432309
0.005395368, 0.674345489
0.003404571, 0.684275005
0.004880741, 0.667046804
0.003548037, 0.669996664
0.003476713, 0.702661491
0.003443474, 0.705586894
0.005527693, 0.703630999
0.005500272, 0.714378178
0.003594807, 0.718589367
execute /home/pei/Project/benchmarks/tpcds-kit/tools/1_instance_out_qs_Official/1/query8/query8_0.sql
0.002571109, 0.345121209
0.003452446, 0.319248368
0.003556217, 0.330733461
0.003637051, 0.325073519
0.003475043, 0.330608764
0.003482639, 0.329316936
0.003478333, 0.328027269
0.003505605, 0.325388147
0.002278707, 0.319848706
0.003466212, 0.319122655
0.003490012, 0.318905936
0.003389193, 0.321134994
0.002276566, 0.324002828
0.003432520, 0.324016735
0.002258608, 0.318240028
execute /home/pei/Project/benchmarks/tpcds-kit/tools/1_instance_out_qs_Official/1/query9/query9_0.sql
0.002239491, 2.877250472
0.002200796, 2.882291224
0.002214803, 2.880206760
0.002186956, 2.874697399
0.002202477, 2.883764371
0.002308736, 2.864265638
0.002174477, 2.860688718
0.002162421, 2.861142887
0.002247820, 2.851017581
0.001540941, 2.848460441
0.001528533, 2.846795125
0.001479746, 2.841857626
0.001503941, 2.839962851
0.001484785, 2.833843461
0.002194405, 2.850776434
execute /home/pei/Project/benchmarks/tpcds-kit/tools/1_instance_out_qs_Official/1/query14/query14_0.sql
0.005772135, 12.241857941
0.002776772, 25.952368499
0.008725305, 12.156130712
0.003557687, 25.783287597
0.006282426, 12.182017936
0.002832939, 25.746983283
0.009167393, 12.151724541
0.002697073, 25.726472756
0.009290435, 12.211023305
0.002844413, 25.811614528
0.006253835, 12.148852272
0.002776983, 25.761596856
0.009323366, 12.160747209
0.004894401, 25.778112315
0.006383714, 12.218563670
0.002920919, 25.824871305
0.006342580, 12.203024325
0.002663206, 25.833470941
0.006869421, 12.147132387
0.003060264, 25.782491987
0.006353530, 12.220549236
0.003189782, 25.857500541
0.006214416, 12.150894352
0.003009867, 25.695664395
0.006259054, 12.177669059
0.002943172, 25.695553003
0.006185454, 12.142225943
0.003177643, 25.764544580
0.009269493, 12.142642613
0.002720320, 25.768594783
execute /home/pei/Project/benchmarks/tpcds-kit/tools/1_instance_out_qs_Official/1/query21/query21_0.sql
0.003281275, 1.059810709
0.001749019, 1.047979632
0.001724546, 1.053293165
0.002510278, 1.056880347
0.002317096, 1.074987618
0.002330990, 1.052625111
0.001756914, 1.053762453
0.001788763, 1.051473053
0.002545121, 1.053030542
0.002596704, 1.056494047
0.002510971, 1.054730449
0.002539190, 1.059958758
0.002493255, 1.055929107
0.002531796, 1.056189959
0.002530396, 1.057900733
execute /home/pei/Project/benchmarks/tpcds-kit/tools/1_instance_out_qs_Official/1/query23/query23_0.sql
0.004528715, 3.479739528
0.002787926, 3.423704725
0.004603556, 3.463397473
0.002913958, 3.434393913
0.006239968, 3.481202953
0.002782020, 3.445103687
0.004034771, 3.464959080
0.002837336, 3.435651412
0.006485237, 3.461130674
0.002771021, 3.436428429
0.006869694, 3.480128826
0.002912988, 3.453058412
0.005790562, 3.468674309
0.002839073, 3.419230622
0.005480642, 3.471665936
0.002705204, 3.440443075
0.005286957, 3.474361799
0.002788002, 3.419065296
0.006564534, 3.489090229
0.002901326, 3.415770453
0.004567082, 3.470434727
0.002935395, 3.425216824
0.006630503, 3.483358852
0.002783178, 3.426633754
0.004747568, 3.487583104
0.002785971, 3.430288617
0.006575337, 3.489330038
0.002796893, 3.437621477
0.004675010, 3.449092627
0.002781711, 3.429316098
execute /home/pei/Project/benchmarks/tpcds-kit/tools/1_instance_out_qs_Official/1/query24/query24_0.sql
0.007610324, 0.025640578
0.001959443, 0.016733684
0.005705655, 0.020418263
0.001867117, 0.016576094
0.005092078, 0.019158689
0.001917331, 0.016553730
0.003812998, 0.019545993
0.002017399, 0.016811589
0.005654547, 0.019718749
0.001936778, 0.016695162
0.005621085, 0.020290637
0.001915801, 0.016726607
0.005716844, 0.021182026
0.001877755, 0.016712453
0.005143526, 0.019367534
0.001880107, 0.016814068
0.005325573, 0.019173836
0.001855667, 0.016724422
0.005755232, 0.020712890
0.001913725, 0.016553883
0.005138231, 0.019293283
0.001878051, 0.016565454
0.005732842, 0.020160469
0.001847975, 0.016517148
0.005682625, 0.025465376
0.001901790, 0.016520238
0.003737471, 0.019301126
0.001854310, 0.016817717
0.003870058, 0.019286806
0.001910155, 0.016591913
execute /home/pei/Project/benchmarks/tpcds-kit/tools/1_instance_out_qs_Official/1/query28/query28_0.sql
0.005661020, 2.261702953
0.001953071, 2.248640513
0.001773322, 2.259682335
0.002647271, 2.255251836
0.002079860, 2.252315200
0.002640726, 2.276292570
0.001756444, 2.244013013
0.002121564, 2.247113114
0.002646927, 2.264067284
0.001829311, 2.248285539
0.001738428, 2.244873968
0.001779829, 2.252894612
0.002031907, 2.246311441
0.002662569, 2.248943544
0.002662938, 2.245847557
execute /home/pei/Project/benchmarks/tpcds-kit/tools/1_instance_out_qs_Official/1/query33/query33_0.sql
0.004504566, 0.368669264
0.005937785, 0.362932389
0.005776125, 0.370134210
0.005833470, 0.363438263
0.003937726, 0.360014253
0.003913202, 0.365874507
0.005769758, 0.370964597
0.005880304, 0.362209014
0.005842983, 0.360852721
0.004938537, 0.361559823
0.005804820, 0.364086078
0.003845474, 0.362136979
0.003935930, 0.365239073
0.003971390, 0.362481130
0.005857831, 0.363986700
execute /home/pei/Project/benchmarks/tpcds-kit/tools/1_instance_out_qs_Official/1/query38/query38_0.sql
0.003789796, 2.400729735
0.002621585, 2.370975407
0.002642381, 2.378241508
0.002634649, 2.366515397
0.002631301, 2.369452444
0.003663322, 2.357288212
0.002606394, 2.365287938
0.002613657, 2.372151641
0.002596913, 2.364229697
0.002558975, 2.377187432
0.003170190, 2.369427548
0.003086648, 2.369939453
0.002626180, 2.369710405
0.003672829, 2.378506376
0.003147711, 2.366718829
execute /home/pei/Project/benchmarks/tpcds-kit/tools/1_instance_out_qs_Official/1/query39/query39_0.sql
0.002094772, 4.005873363
0.000689233, 3.991999888
0.002303641, 4.007907682
0.000739276, 3.977216466
0.001771124, 4.006431092
0.000443483, 3.985603541
0.002665434, 3.997389135
0.000646549, 3.985768967
0.002581656, 4.005994356
0.000484387, 3.994232239
0.001789394, 4.011296361
0.000833561, 3.984950781
0.001800636, 4.004478163
0.000749375, 3.982557282
0.002586905, 3.987165129
0.000944791, 4.002897289
0.001791478, 4.015298551
0.000739196, 3.986518235
0.001845247, 4.020529821
0.000488133, 3.975254979
0.002569229, 4.009302358
0.000845904, 3.993021700
0.002053074, 3.982815745
0.000846795, 3.983221849
0.001920269, 3.998575036
0.000692640, 3.983297251
0.002604446, 4.001531653
0.000753530, 3.988757919
0.002577977, 4.014151068
0.000663860, 3.985573790
execute /home/pei/Project/benchmarks/tpcds-kit/tools/1_instance_out_qs_Official/1/query40/query40_0.sql
0.003319202, 0.045090605
0.003184826, 0.041845546
0.002180882, 0.039034891
0.002946645, 0.039148246
0.003142994, 0.049746316
0.002817834, 0.039276993
0.002514014, 0.041669071
0.003174283, 0.042735911
0.002800685, 0.039318375
0.003177214, 0.041537714
0.002189354, 0.040031045
0.002174797, 0.039262660
0.002212965, 0.039740523
0.002192226, 0.039504961
0.003177101, 0.042105696
execute /home/pei/Project/benchmarks/tpcds-kit/tools/1_instance_out_qs_Official/1/query41/query41_0.sql
0.001530130, 0.417321755
0.001518734, 0.416483113
0.001116515, 0.416984547
0.001044390, 0.413931602
0.001199503, 0.416749546
0.001114203, 0.413587643
0.001069684, 0.413969968
0.001087460, 0.422725356
0.001564876, 0.418786103
0.001086916, 0.421734225
0.001513522, 0.422331995
0.001587688, 0.423277641
0.001542710, 0.422507533
0.001536125, 0.423946729
0.001554596, 0.417142680
execute /home/pei/Project/benchmarks/tpcds-kit/tools/1_instance_out_qs_Official/1/query44/query44_0.sql
0.001907563, 1.140119683
0.002306803, 1.134521504
0.002317013, 1.127970584
0.002337896, 1.133751159
0.001679630, 1.128458969
0.001667369, 1.131338487
0.002317139, 1.125887084
0.002284770, 1.126026559
0.002318251, 1.127989400
0.002302242, 1.129363019
0.001681871, 1.146301435
0.002259581, 1.136054681
0.001671727, 1.121702601
0.001654172, 1.121785539
0.002315938, 1.125826255
execute /home/pei/Project/benchmarks/tpcds-kit/tools/1_instance_out_qs_Official/1/query47/query47_0.sql
0.002961320, 2.500699523
0.004059931, 2.504721940
0.004104653, 2.501782019
0.002728482, 2.504947456
0.002825787, 2.507787760
0.002755519, 2.577895019
0.002703505, 2.504859159
0.004589129, 2.503505461
0.003171333, 2.501219332
0.003593547, 2.493113532
0.004038663, 2.500343447
0.004050185, 2.501040462
0.004068593, 2.498542725
0.002726527, 2.509613070
0.002725007, 2.507745148
execute /home/pei/Project/benchmarks/tpcds-kit/tools/1_instance_out_qs_Official/1/query49/query49_0.sql
0.006005803, 0.095740840
0.004029615, 0.081265760
0.005697287, 0.081465583
0.004041967, 0.082064927
0.003996990, 0.082480465
0.006262641, 0.081874593
0.004760268, 0.082168024
0.006349687, 0.083325475
0.003985919, 0.082074810
0.006068700, 0.081880492
0.006306648, 0.091729566
0.004002227, 0.082106398
0.004020798, 0.081760667
0.006322926, 0.082817283
0.006252544, 0.088018227
execute /home/pei/Project/benchmarks/tpcds-kit/tools/1_instance_out_qs_Official/1/query51/query51_0.sql
0.002718874, 1.167143725
0.002696040, 1.162248171
0.001932653, 1.150230879
0.001986942, 1.151827788
0.002633084, 1.165020735
0.002234281, 1.151359583
0.002696430, 1.159286643
0.002043401, 1.153540890
0.002714686, 1.153927828
0.002158886, 1.151177729
0.002715573, 1.152894890
0.001966350, 1.150666578
0.002709676, 1.149629360
0.002691426, 1.152058165
0.001927074, 1.153946156
execute /home/pei/Project/benchmarks/tpcds-kit/tools/1_instance_out_qs_Official/1/query53/query53_0.sql
0.002421311, 0.322989347
0.004234867, 0.313011498
0.003161236, 0.311891261
0.004316205, 0.316307826
0.003748168, 0.314386355
0.004336456, 0.313747183
0.004239708, 0.312337513
0.004270006, 0.311424191
0.004307033, 0.312693458
0.004321528, 0.310744675
0.004241984, 0.314030047
0.003128671, 0.311936748
0.004321753, 0.312194797
0.004324105, 0.311393050
0.004260157, 0.311943868
execute /home/pei/Project/benchmarks/tpcds-kit/tools/1_instance_out_qs_Official/1/query54/query54_0.sql
0.006552708, 0.063249767
0.003736828, 0.015371742
0.003799160, 0.015540744
0.003575424, 0.015225224
0.005411407, 0.016254097
0.003953068, 0.015013988
0.003791408, 0.015312124
0.003533408, 0.015215775
0.005184285, 0.015254213
0.003787864, 0.015168144
0.003689711, 0.015202350
0.005490702, 0.015372021
0.003674719, 0.015113497
0.005387580, 0.016354801
0.003590904, 0.015301362
execute /home/pei/Project/benchmarks/tpcds-kit/tools/1_instance_out_qs_Official/1/query56/query56_0.sql
0.018526634, 0.640836352
0.007940567, 0.620671596
0.007886186, 0.616758745
0.007784640, 0.619399511
0.007930048, 0.623080557
0.007953393, 0.623175184
0.007952757, 0.623380503
0.006731253, 0.619569339
0.006647833, 0.619721725
0.007052711, 0.617822660
0.007839851, 0.618972491
0.007896980, 0.621242075
0.007801294, 0.617033666
0.007891879, 0.618079975
0.006835195, 0.620895643
execute /home/pei/Project/benchmarks/tpcds-kit/tools/1_instance_out_qs_Official/1/query57/query57_0.sql
0.003457692, 1.108307348
0.003214203, 1.080577793
0.003566385, 1.086698656
0.003604830, 1.085707585
0.003569906, 1.078931202
0.003588799, 1.082324963
0.003570456, 1.074998761
0.002412330, 1.081183226
0.003586655, 1.074538693
0.002432571, 1.073036875
0.003557049, 1.078891788
0.003549739, 1.077778504
0.003585505, 1.078220036
0.003571363, 1.075342415
0.003602916, 1.075755472
execute /home/pei/Project/benchmarks/tpcds-kit/tools/1_instance_out_qs_Official/1/query59/query59_0.sql
0.003818171, 1.230190005
0.002847118, 1.222326987
0.003611397, 1.221137803
0.002507819, 1.220371986
0.002506731, 1.223788820
0.003738321, 1.227866388
0.002670794, 1.220779884
0.002490001, 1.220236374
0.003609918, 1.220968605
0.003609759, 1.229902460
0.002903912, 1.220068036
0.002468072, 1.221691654
0.002423764, 1.222060614
0.003624058, 1.221855844
0.003580587, 1.217670953
execute /home/pei/Project/benchmarks/tpcds-kit/tools/1_instance_out_qs_Official/1/query60/query60_0.sql
0.007025450, 1.268390001
0.007967980, 1.274996559
0.007870868, 1.270749079
0.006771075, 1.267649376
0.005647200, 1.272128698
0.005689131, 1.276653880
0.007836065, 1.278626695
0.005556096, 1.287046529
0.005560752, 1.270547184
0.005594447, 1.282968418
0.007724189, 1.269043907
0.005684299, 1.269640678
0.007801206, 1.284387892
0.005634617, 1.277284031
0.007901896, 1.269740975
execute /home/pei/Project/benchmarks/tpcds-kit/tools/1_instance_out_qs_Official/1/query61/query61_0.sql
0.006417222, 0.000099744
0.007557445, 0.000091852
0.006994169, 0.000094997
0.005474930, 0.000093713
0.005601742, 0.000095532
0.007581144, 0.000094868
0.007419377, 0.000093323
0.008667704, 0.000147020
0.005498555, 0.000132500
0.005551816, 0.000094002
0.009011123, 0.000156092
0.009215756, 0.000161183
0.005847556, 0.000100327
0.009299800, 0.000168209
0.008202531, 0.000106747
execute /home/pei/Project/benchmarks/tpcds-kit/tools/1_instance_out_qs_Official/1/query63/query63_0.sql
0.003180041, 0.327616869
0.004258304, 0.315180001
0.003174081, 0.312879403
0.004194010, 0.311019609
0.004302530, 0.311855497
0.004306751, 0.311445402
0.003169794, 0.312317681
0.003726508, 0.311581761
0.003091871, 0.311890860
0.004262701, 0.313258170
0.004291102, 0.315464551
0.003678280, 0.311111598
0.004277582, 0.311613773
0.003139687, 0.312934493
0.004233921, 0.310455722
execute /home/pei/Project/benchmarks/tpcds-kit/tools/1_instance_out_qs_Official/1/query66/query66_0.sql
0.004198673, 0.273223578
0.003791290, 0.244964207
0.004730149, 0.246279034
0.003429155, 0.245354265
0.005621567, 0.250102436
0.003308909, 0.245528748
0.005619569, 0.254430024
0.005622942, 0.247340488
0.005553753, 0.246008048
0.003411979, 0.247505015
0.005195894, 0.246160908
0.004852452, 0.246655876
0.005604670, 0.247692920
0.003405019, 0.246438875
0.003638533, 0.246792010
execute /home/pei/Project/benchmarks/tpcds-kit/tools/1_instance_out_qs_Official/1/query67/query67_0.sql
0.002786183, 4.409608945
0.003751016, 4.419905482
0.002606207, 4.426099004
0.003362940, 4.415676260
0.003391742, 4.413876846
0.003352242, 4.412621951
0.002248560, 4.400509846
0.003364497, 4.423901196
0.002279320, 4.426472805
0.003329870, 4.415060632
0.002286204, 4.412187162
0.003362303, 4.427332935
0.002230672, 4.403429563
0.002289767, 4.407357766
0.002982344, 4.427474046
execute /home/pei/Project/benchmarks/tpcds-kit/tools/1_instance_out_qs_Official/1/query72/query72_0.sql
0.019924604, 0.290032338
0.021729488, 0.291080278
0.020236596, 0.289973477
0.017404939, 0.290024586
0.017528419, 0.290852783
0.019264696, 0.291779665
0.017350491, 0.288775422
0.022632873, 0.292160631
0.020167823, 0.292313110
0.020274201, 0.287679466
0.020132618, 0.289333005
0.028082139, 0.291092674
0.018533501, 0.290837935
0.017348201, 0.293428041
0.021600028, 0.290083414
execute /home/pei/Project/benchmarks/tpcds-kit/tools/1_instance_out_qs_Official/1/query73/query73_0.sql
0.004088031, 0.311277144
0.002332728, 0.312141181
0.002295209, 0.312731018
0.003308590, 0.312161458
0.002587669, 0.310451649
0.003333450, 0.314913270
0.002428664, 0.310885649
0.003350649, 0.314877659
0.003360827, 0.323640678
0.003310894, 0.314648565
0.003328908, 0.310048451
0.002380435, 0.311336242
0.002369006, 0.312282014
0.002311977, 0.311517645
0.003292555, 0.309949903
execute /home/pei/Project/benchmarks/tpcds-kit/tools/1_instance_out_qs_Official/1/query75/query75_0.sql
0.005569944, 1.244523865
0.006137062, 1.231202937
0.004254400, 1.232328668
0.006527220, 1.221928697
0.004363467, 1.236654456
0.004191635, 1.226960631
0.006096714, 1.233671259
0.006544739, 1.233974493
0.004231729, 1.236021651
0.004217003, 1.231198152
0.006265963, 1.231628246
0.004196205, 1.231904077
0.004314459, 1.233868934
0.006536643, 1.226875236
0.006445459, 1.230157923
execute /home/pei/Project/benchmarks/tpcds-kit/tools/1_instance_out_qs_Official/1/query76/query76_0.sql
0.002840007, 0.400303173
0.002847385, 0.386462671
0.004026494, 0.386933156
0.002826281, 0.389854318
0.002741909, 0.385015295
0.004013329, 0.386587498
0.003992794, 0.391509351
0.002754031, 0.389084017
0.002791531, 0.386808282
0.004053523, 0.387145588
0.004020937, 0.385892749
0.003011009, 0.386070155
0.002769467, 0.386479343
0.004069102, 0.386025451
0.004011300, 0.384530072
execute /home/pei/Project/benchmarks/tpcds-kit/tools/1_instance_out_qs_Official/1/query77/query77_0.sql
0.003869487, 0.439016496
0.005557347, 0.435904991
0.005517154, 0.436920318
0.005545994, 0.433785908
0.005586797, 0.444451468
0.003683953, 0.432566952
0.003864699, 0.432038803
0.003850734, 0.434352505
0.003801325, 0.433103353
0.003793765, 0.433423083
0.004967695, 0.432407092
0.005477293, 0.435264664
0.004638014, 0.432494407
0.005564108, 0.435279742
0.004067419, 0.432272692
execute /home/pei/Project/benchmarks/tpcds-kit/tools/1_instance_out_qs_Official/1/query78/query78_0.sql
0.006006832, 2.247732304
0.004330241, 2.215083972
0.006429267, 2.216724969
0.006480462, 2.212554465
0.004397087, 2.225903060
0.005250926, 2.224552283
0.006513194, 2.228291689
0.006218081, 2.217051341
0.006434140, 2.217029220
0.004371083, 2.218088508
0.006532659, 2.223399417
0.005202644, 2.220609186
0.006491547, 2.215183179
0.004335958, 2.215659833
0.006410990, 2.219224689
execute /home/pei/Project/benchmarks/tpcds-kit/tools/1_instance_out_qs_Official/1/query79/query79_0.sql
0.003749559, 0.365353791
0.003230796, 0.360520192
0.002242641, 0.358972233
0.002258058, 0.359178471
0.003227062, 0.360430838
0.003210013, 0.358673520
0.002735822, 0.360268216
0.003229749, 0.370808724
0.002658851, 0.359988505
0.003287686, 0.363701901
0.002275946, 0.356766489
0.003630899, 0.359223406
0.002277829, 0.358546722
0.002316475, 0.359313825
0.002253345, 0.358272178
execute /home/pei/Project/benchmarks/tpcds-kit/tools/1_instance_out_qs_Official/1/query80/query80_0.sql
0.010292960, 0.444319669
0.006146639, 0.434370354
0.009556622, 0.436371826
0.006846728, 0.435825700
0.007302749, 0.433921010
0.006202177, 0.438170594
0.009477394, 0.437087123
0.006982977, 0.436098360
0.006100865, 0.434127453
0.006187751, 0.433412133
0.007781400, 0.434750261
0.006226435, 0.435206254
0.009601343, 0.446707296
0.006031518, 0.434682086
0.006145225, 0.437991848
execute /home/pei/Project/benchmarks/tpcds-kit/tools/1_instance_out_qs_Official/1/query83/query83_0.sql
0.004138599, 0.104667434
0.002899953, 0.086722993
0.002871092, 0.086641912
0.004073993, 0.090368953
0.004165923, 0.088882665
0.004141919, 0.089666320
0.004133460, 0.090423752
0.002840774, 0.086579573
0.003296028, 0.086886289
0.004051671, 0.087054107
0.002847368, 0.087094378
0.003379197, 0.085833941
0.002834862, 0.089513193
0.004160734, 0.090500530
0.004083204, 0.087942430
execute /home/pei/Project/benchmarks/tpcds-kit/tools/1_instance_out_qs_Official/1/query87/query87_0.sql
0.002771821, 2.391349846
0.003352924, 2.395433515
0.003739634, 2.376295956
0.002712526, 2.396304243
0.002722250, 2.383803166
0.003686530, 2.374572442
0.003700712, 2.369840152
0.002573966, 2.382128065
0.002712593, 2.377708822
0.003524062, 2.380138532
0.003734793, 2.377575246
0.002632814, 2.395869304
0.003706405, 2.378867864
0.003801655, 2.404493016
0.003707359, 2.392177356
execute /home/pei/Project/benchmarks/tpcds-kit/tools/1_instance_out_qs_Official/1/query88/query88_0.sql
0.007088362, 2.002696324
0.003954625, 1.988154732
0.003931835, 1.983182808
0.003895581, 1.980500803
0.003907095, 1.979279629
0.006167786, 1.992380305
0.003906641, 1.978709146
0.005299015, 1.976416179
0.004500278, 1.981475186
0.003871326, 1.973726220
0.006130566, 1.973366019
0.006080389, 1.971644978
0.004023591, 1.973812462
0.006082286, 1.973303830
0.006137974, 1.985203537
execute /home/pei/Project/benchmarks/tpcds-kit/tools/1_instance_out_qs_Official/1/query89/query89_0.sql
0.003785318, 0.394894780
0.002436479, 0.395553303
0.003579198, 0.393589070
0.003555146, 0.400279866
0.003582836, 0.398179724
0.002459508, 0.394303949
0.002357431, 0.395623275
0.003036742, 0.396273889
0.003148867, 0.394802452
0.003059549, 0.403217121
0.003573827, 0.396499678
0.002887614, 0.394938505
0.003584590, 0.394934711
0.002427119, 0.394289445
0.003625160, 0.394807673
execute /home/pei/Project/benchmarks/tpcds-kit/tools/1_instance_out_qs_Official/1/query90/query90_0.sql
0.002170097, 0.183254848
0.001534856, 0.175455496
0.001395808, 0.176225767
0.001372706, 0.177236171
0.001391049, 0.175867476
0.001367168, 0.172857019
0.001848288, 0.186508800
0.001972713, 0.177118559
0.001994988, 0.177376619
0.001903253, 0.177164025
0.001853812, 0.177145368
0.001904027, 0.175275601
0.001809980, 0.175471100
0.001877127, 0.186294645
0.001868073, 0.176676769
execute /home/pei/Project/benchmarks/tpcds-kit/tools/1_instance_out_qs_Official/1/query93/query93_0.sql
0.002451046, 0.088647452
0.002382411, 0.063701517
0.002358156, 0.053178804
0.002350570, 0.055088605
0.002355269, 0.056386267
0.002361849, 0.057592352
0.001636313, 0.053223823
0.002358261, 0.055900221
0.002348210, 0.052710331
0.002605213, 0.062255860
0.002343745, 0.056251096
0.002407848, 0.055261284
0.001599803, 0.052702746
0.001615838, 0.052473780
0.001610681, 0.052470326
execute /home/pei/Project/benchmarks/tpcds-kit/tools/1_instance_out_qs_Official/1/query97/query97_0.sql
0.002615974, 0.701301717
0.002074727, 0.681988048
0.001899366, 0.679866389
0.002611747, 0.678890946
0.002588410, 0.679035142
0.002062384, 0.675879329
0.002557231, 0.677330113
0.002546389, 0.676686130
0.002529224, 0.678869829
0.002666164, 0.678116156
0.002576491, 0.680520328
0.003087136, 0.673680681
0.002616038, 0.681414369
0.001894573, 0.674088836
0.001999858, 0.673154645
execute /home/pei/Project/benchmarks/tpcds-kit/tools/1_instance_out_qs_Official/2/query2/query2_0.sql
0.001818015, 0.990486537
0.001977096, 0.978985241
0.002375350, 0.983286833
0.002367413, 1.005057872
0.002358697, 0.974324925
0.001706329, 0.973492851
0.002382410, 0.983492306
0.002310310, 0.978732044
0.002383696, 0.973780533
0.001678504, 0.990254665
0.002383953, 0.985910326
0.002368457, 0.987959866
0.002367866, 0.972613229
0.002552386, 0.985842175
0.001704712, 0.976454191
execute /home/pei/Project/benchmarks/tpcds-kit/tools/1_instance_out_qs_Official/2/query5/query5_0.sql
0.004060461, 0.699371690
0.004024827, 0.693888605
0.006077564, 0.678639266
0.003757750, 0.669713582
0.005766114, 0.671148579
0.005834064, 0.672103573
0.003722482, 0.672801738
0.003958233, 0.671063284
0.005878768, 0.671297907
0.005786062, 0.676473274
0.003838523, 0.670677822
0.005616717, 0.668021842
0.005881344, 0.678370120
0.003948377, 0.671802379
0.005844019, 0.667145131
execute /home/pei/Project/benchmarks/tpcds-kit/tools/1_instance_out_qs_Official/2/query8/query8_0.sql
0.003797356, 0.333752828
0.003692636, 0.332524064
0.003681276, 0.320581418
0.003689688, 0.330944312
0.002493555, 0.319049212
0.002516377, 0.323006059
0.003675611, 0.330352794
0.003726226, 0.323243951
0.002424254, 0.319453976
0.003663352, 0.329761814
0.002538508, 0.322039503
0.003682190, 0.321606520
0.003556754, 0.321266497
0.003658909, 0.318365304
0.003501105, 0.328788294
execute /home/pei/Project/benchmarks/tpcds-kit/tools/1_instance_out_qs_Official/2/query9/query9_0.sql
0.001680497, 2.872473043
0.002326921, 2.882405010
0.002222740, 2.872899859
0.002265596, 2.868329896
0.001735524, 2.871387983
0.001579977, 2.855770656
0.002307903, 2.859726793
0.002278512, 2.852731727
0.002360376, 2.852532759
0.002321795, 2.854590608
0.002268861, 2.851611630
0.002295328, 2.846141390
0.001622973, 2.840884935
0.002317358, 2.832134779
0.002334027, 2.847105398
execute /home/pei/Project/benchmarks/tpcds-kit/tools/1_instance_out_qs_Official/2/query14/query14_0.sql
0.005778729, 12.201936322
0.002737511, 25.698334449
0.009188332, 12.244066413
0.003041860, 25.772989638
0.008741823, 12.152981662
0.004764348, 25.718291746
0.007774326, 12.148313222
0.002716829, 25.729943054
0.008907575, 12.215642619
0.003388404, 25.869385816
0.006248223, 12.161162060
0.002866886, 25.651464158
0.009393632, 12.195832926
0.003118698, 25.790381098
0.009394065, 12.222560488
0.002721136, 25.911468951
0.009273215, 12.212478066
0.003284837, 25.870353912
0.007416020, 12.213083267
0.003414867, 25.848671178
0.006973970, 12.201142950
0.002653493, 25.857890131
0.011273102, 12.175700967
0.003054912, 25.804631999
0.006359097, 12.275819618
0.002687386, 25.924877620
0.009291055, 12.200150111
0.003259399, 25.797815824
0.008668102, 12.177696427
0.003351028, 25.835700258
execute /home/pei/Project/benchmarks/tpcds-kit/tools/1_instance_out_qs_Official/2/query21/query21_0.sql
0.002436302, 1.058900410
0.002238961, 1.049949900
0.001790506, 1.055300438
0.001777632, 1.052891656
0.001700234, 1.057382803
0.002533388, 1.057422699
0.002085456, 1.056698767
0.001731983, 1.052521229
0.002552489, 1.061666761
0.002477081, 1.055603074
0.001741080, 1.045872008
0.002524392, 1.054688560
0.001786482, 1.052756034
0.001751734, 1.052356164
0.001780416, 1.053193439
execute /home/pei/Project/benchmarks/tpcds-kit/tools/1_instance_out_qs_Official/2/query23/query23_0.sql
0.006411480, 3.457571095
0.002815565, 3.438023494
0.006252197, 3.484526226
0.002814483, 3.452306328
0.004307855, 3.472220153
0.002996602, 3.451010730
0.004560934, 3.471074385
0.003180922, 3.437451042
0.006556146, 3.464368584
0.002931858, 3.437156713
0.006853831, 3.458756710
0.002715366, 3.418315699
0.004934576, 3.482623615
0.002799570, 3.440132852
0.006839716, 3.469961881
0.002869643, 3.485537409
0.004889073, 3.479084012
0.002861105, 3.436219641
0.006655384, 3.513352476
0.002940641, 3.439093810
0.004666171, 3.529308608
0.002881926, 3.434762910
0.006577104, 3.479352972
0.002873817, 3.434737931
0.005149017, 3.459167057
0.002924045, 3.434453332
0.006872394, 3.529688171
0.002732991, 3.428134111
0.006622429, 3.468210092
0.003002147, 3.434471662
execute /home/pei/Project/benchmarks/tpcds-kit/tools/1_instance_out_qs_Official/2/query24/query24_0.sql
0.006383742, 0.026663309
0.001970780, 0.016557107
0.005736163, 0.019156527
0.001887728, 0.016719479
0.005717911, 0.019578944
0.001911272, 0.016756990
0.003737123, 0.019263581
0.002319976, 0.016663178
0.005658369, 0.020871572
0.001916446, 0.016499334
0.005624704, 0.025210758
0.001858963, 0.016638617
0.003774576, 0.019275928
0.002339259, 0.016782037
0.005688452, 0.019925212
0.001917557, 0.016618638
0.005763630, 0.021748269
0.001912538, 0.016874214
0.003732222, 0.019289480
0.001889936, 0.016612489
0.004391004, 0.019342388
0.001870849, 0.017095990
0.003734660, 0.021776004
0.001922415, 0.018840480
0.004554140, 0.019311388
0.002055505, 0.016645533
0.005697957, 0.020543308
0.001895049, 0.016655292
0.005640648, 0.020002599
0.001854989, 0.016503635
execute /home/pei/Project/benchmarks/tpcds-kit/tools/1_instance_out_qs_Official/2/query28/query28_0.sql
0.002717217, 2.265505211
0.002662445, 2.267030128
0.001747576, 2.261164333
0.001808090, 2.261258509
0.002651290, 2.254780450
0.001756743, 2.253302256
0.002726840, 2.250984558
0.002043374, 2.255688401
0.001748681, 2.238731441
0.002641774, 2.262279561
0.003142255, 2.244329972
0.002758934, 2.257643622
0.001802281, 2.241141930
0.002677736, 2.273264811
0.002609711, 2.243658379
execute /home/pei/Project/benchmarks/tpcds-kit/tools/1_instance_out_qs_Official/2/query33/query33_0.sql
0.004626237, 0.367479680
0.003977578, 0.363873521
0.003913168, 0.362870140
0.005872212, 0.362345830
0.003959709, 0.362414451
0.003919290, 0.363603544
0.004330896, 0.360877247
0.004678746, 0.367536575
0.005940138, 0.366730558
0.003972762, 0.363245111
0.005969490, 0.364304512
0.005893690, 0.362258768
0.004300404, 0.365964536
0.005922446, 0.367749893
0.005205308, 0.359352741
execute /home/pei/Project/benchmarks/tpcds-kit/tools/1_instance_out_qs_Official/2/query38/query38_0.sql
0.003923106, 2.394852283
0.002726778, 2.367452712
0.002994527, 2.366440241
0.003925002, 2.381519148
0.002702098, 2.364891647
0.002576496, 2.366102735
0.003340122, 2.358075250
0.003725717, 2.366897324
0.003728355, 2.367822042
0.003701747, 2.378440185
0.003709183, 2.372094530
0.003716199, 2.365478306
0.003771206, 2.379304424
0.002897196, 2.365638664
0.003708417, 2.365097165
execute /home/pei/Project/benchmarks/tpcds-kit/tools/1_instance_out_qs_Official/2/query39/query39_0.sql
0.002858392, 4.006205836
0.000503566, 3.981202532
0.002594802, 4.001512877
0.000743034, 3.988979291
0.001803640, 4.003375727
0.000446265, 3.982232898
0.002507976, 3.994686941
0.000514103, 4.021829862
0.001845600, 4.010906422
0.000799529, 3.984868892
0.002619065, 4.006794552
0.000492779, 3.975807525
0.002611644, 4.014153660
0.000763881, 3.981849887
0.001778006, 4.000162362
0.000477263, 3.991007696
0.002541956, 4.016741853
0.000754543, 3.976949908
0.002608264, 4.003424197
0.000769663, 3.987928527
0.001759579, 3.998713764
0.000799386, 3.969316850
0.002211028, 3.989108854
0.000758802, 3.999829897
0.001789220, 3.989823575
0.000725841, 3.987299301
0.001833041, 3.998104223
0.000569681, 3.981099510
0.002286824, 3.996228078
0.000762415, 3.994677906
execute /home/pei/Project/benchmarks/tpcds-kit/tools/1_instance_out_qs_Official/2/query40/query40_0.sql
0.003310826, 0.043162112
0.003117400, 0.040186785
0.003137840, 0.049105772
0.002189695, 0.038400490
0.002330422, 0.039387751
0.003165557, 0.041964830
0.002548150, 0.038721999
0.003136719, 0.042019903
0.003177361, 0.040218640
0.003196425, 0.041662285
0.002201738, 0.038840084
0.002179896, 0.039545501
0.003386230, 0.047178345
0.003068881, 0.038597218
0.002231347, 0.039177013
execute /home/pei/Project/benchmarks/tpcds-kit/tools/1_instance_out_qs_Official/2/query41/query41_0.sql
0.001564392, 0.418537576
0.001589991, 0.416023191
0.001601279, 0.420667071
0.001546684, 0.415659084
0.001554643, 0.417218149
0.001603536, 0.414793747
0.001588178, 0.422839747
0.001556502, 0.415788752
0.001509117, 0.415470792
0.001105977, 0.418596079
0.001550564, 0.416532698
0.001193519, 0.416570091
0.001083435, 0.413966366
0.001605838, 0.417236508
0.001054674, 0.415244376
execute /home/pei/Project/benchmarks/tpcds-kit/tools/1_instance_out_qs_Official/2/query44/query44_0.sql
0.002042355, 1.131595803
0.001637461, 1.131978574
0.002319049, 1.134817553
0.001658775, 1.130559194
0.002325268, 1.130281335
0.001636970, 1.131239547
0.001654154, 1.128667106
0.002331505, 1.132277907
0.002312996, 1.131214482
0.001898862, 1.125574081
0.001650439, 1.132179788
0.001728425, 1.128396270
0.002299443, 1.127643134
0.002308156, 1.126499792
0.001654778, 1.129785593
execute /home/pei/Project/benchmarks/tpcds-kit/tools/1_instance_out_qs_Official/2/query47/query47_0.sql
0.003015534, 2.499205075
0.002793734, 2.502649774
0.003858877, 2.502322882
0.003345769, 2.506991653
0.002714608, 2.499951327
0.004138032, 2.502346142
0.004100716, 2.515664700
0.004083817, 2.504419967
0.003074626, 2.511099829
0.002974605, 2.502231575
0.003630384, 2.512904656
0.002778250, 2.508350201
0.004091447, 2.496077727
0.002753097, 2.502466554
0.004071323, 2.502212570
execute /home/pei/Project/benchmarks/tpcds-kit/tools/1_instance_out_qs_Official/2/query49/query49_0.sql
0.005932294, 0.096962771
0.006308890, 0.082337273
0.005736291, 0.082259792
0.005419238, 0.082494696
0.004080974, 0.083023290
0.006365759, 0.082217168
0.006391445, 0.090702084
0.006286999, 0.091440066
0.006282164, 0.085701644
0.006165900, 0.082087245
0.006317653, 0.083080402
0.006366910, 0.085930917
0.006228453, 0.082733015
0.006419875, 0.082886745
0.003962605, 0.081995460
execute /home/pei/Project/benchmarks/tpcds-kit/tools/1_instance_out_qs_Official/2/query51/query51_0.sql
0.002692833, 1.155442463
0.001969776, 1.145529074
0.001978100, 1.152232140
0.002728594, 1.148456686
0.001918426, 1.150330782
0.002733363, 1.162874275
0.001993796, 1.150192545
0.001976979, 1.157150107
0.002697034, 1.155027939
0.002648296, 1.155154022
0.002703937, 1.146501550
0.001956578, 1.153272310
0.001991535, 1.155386620
0.001977592, 1.150494354
0.002720807, 1.152071330
execute /home/pei/Project/benchmarks/tpcds-kit/tools/1_instance_out_qs_Official/2/query53/query53_0.sql
0.002950670, 0.324158252
0.004252349, 0.315116623
0.004235127, 0.312964790
0.004270219, 0.311829480
0.003422169, 0.314034524
0.004272568, 0.313464582
0.003109395, 0.310766152
0.004310654, 0.315350942
0.003143966, 0.311090168
0.004271573, 0.313327749
0.003078136, 0.311357389
0.003128575, 0.314556721
0.004272885, 0.313679264
0.003131241, 0.312454098
0.004313280, 0.312806489
execute /home/pei/Project/benchmarks/tpcds-kit/tools/1_instance_out_qs_Official/2/query54/query54_0.sql
0.006215231, 0.062913507
0.005422351, 0.019514746
0.005365969, 0.016009831
0.005476947, 0.015834314
0.005366757, 0.016352396
0.004398124, 0.015209462
0.005355235, 0.020935424
0.005358688, 0.015660092
0.005483068, 0.016295099
0.005298756, 0.015409887
0.003599650, 0.015396827
0.003566442, 0.015406536
0.005457547, 0.016331281
0.005442860, 0.015908416
0.003555953, 0.015218078
execute /home/pei/Project/benchmarks/tpcds-kit/tools/1_instance_out_qs_Official/2/query56/query56_0.sql
0.004914374, 0.625083769
0.007975313, 0.618309595
0.007408953, 0.625670213
0.005706085, 0.620500691
0.007807754, 0.617732254
0.005639745, 0.619192669
0.007563880, 0.620732056
0.005615161, 0.626998259
0.005606397, 0.619733560
0.007937156, 0.615468850
0.007905700, 0.618787841
0.007895949, 0.620334816
0.007947528, 0.622647436
0.006715944, 0.621882200
0.005603570, 0.617789816
execute /home/pei/Project/benchmarks/tpcds-kit/tools/1_instance_out_qs_Official/2/query57/query57_0.sql
0.003139814, 1.110680928
0.002414207, 1.082485145
0.003589073, 1.079316014
0.003006824, 1.076525039
0.002383487, 1.080222114
0.003614498, 1.081359382
0.002441956, 1.076108758
0.003599868, 1.078310834
0.002425290, 1.111684524
0.002416810, 1.073506575
0.002426774, 1.075560029
0.002428724, 1.070115483
0.003580594, 1.078024246
0.003589895, 1.080115146
0.002436831, 1.075230090
execute /home/pei/Project/benchmarks/tpcds-kit/tools/1_instance_out_qs_Official/2/query59/query59_0.sql
0.003794804, 1.223826462
0.002478167, 1.225217502
0.003554910, 1.225916177
0.002470181, 1.224216409
0.002466534, 1.225286653
0.003598440, 1.227621965
0.003607787, 1.223252543
0.003592674, 1.233546561
0.002441389, 1.223246823
0.002508244, 1.218440972
0.002458163, 1.246045502
0.003173812, 1.224104329
0.003610631, 1.219298788
0.002456047, 1.221190489
0.003605123, 1.232865409
execute /home/pei/Project/benchmarks/tpcds-kit/tools/1_instance_out_qs_Official/2/query60/query60_0.sql
0.007119856, 1.273482538
0.005581684, 1.271904769
0.007870035, 1.271458011
0.007894395, 1.272101300
0.007829437, 1.276564952
0.005524601, 1.276648086
0.007737361, 1.278414056
0.005574151, 1.268741621
0.007827241, 1.270991347
0.005594481, 1.274336667
0.007325388, 1.265651031
0.006006130, 1.274866237
0.005545296, 1.271789754
0.007766847, 1.271908523
0.005600162, 1.268846619
execute /home/pei/Project/benchmarks/tpcds-kit/tools/1_instance_out_qs_Official/2/query61/query61_0.sql
0.006367763, 0.000101712
0.005502090, 0.000096143
0.008049218, 0.000094871
0.006108908, 0.000094718
0.008802435, 0.000147884
0.007712713, 0.000095597
0.008700131, 0.000147571
0.005446673, 0.000093439
0.007223142, 0.000097256
0.005630769, 0.000096106
0.008505879, 0.000097325
0.005529372, 0.000096071
0.005619088, 0.000095711
0.007245544, 0.000094941
0.005968480, 0.000102971
execute /home/pei/Project/benchmarks/tpcds-kit/tools/1_instance_out_qs_Official/2/query63/query63_0.sql
0.004179480, 0.328636837
0.003207059, 0.310304494
0.003174691, 0.310893825
0.003196046, 0.309828329
0.003784932, 0.309893066
0.003088414, 0.313506342
0.004295695, 0.311511054
0.004290997, 0.311655110
0.003207799, 0.312167852
0.003126741, 0.309112986
0.003139561, 0.310059394
0.004307666, 0.315211016
0.004298254, 0.309227741
0.004306076, 0.312340230
0.004285322, 0.310379248
execute /home/pei/Project/benchmarks/tpcds-kit/tools/1_instance_out_qs_Official/2/query66/query66_0.sql
0.005866813, 0.271083637
0.005558813, 0.253595962
0.003388005, 0.247591844
0.003476753, 0.247531515
0.003369530, 0.247307748
0.003573863, 0.247399646
0.005637448, 0.248938927
0.005583979, 0.248325539
0.003388468, 0.246643188
0.005613017, 0.249850297
0.003473267, 0.245924106
0.003452634, 0.249006994
0.005568474, 0.247265080
0.005631083, 0.256691757
0.005474360, 0.246510270
execute /home/pei/Project/benchmarks/tpcds-kit/tools/1_instance_out_qs_Official/2/query67/query67_0.sql
0.002528547, 4.432009524
0.002249653, 4.422461172
0.002283712, 4.447927554
0.003118027, 4.422297362
0.002225147, 4.406541360
0.002220745, 4.419844009
0.002247983, 4.421683668
0.002290894, 4.430695717
0.002254879, 4.415590992
0.003367524, 4.420581957
0.002443711, 4.417499753
0.002292606, 4.439922273
0.002248582, 4.414062772
0.002299155, 4.436095690
0.003361886, 4.413775458
execute /home/pei/Project/benchmarks/tpcds-kit/tools/1_instance_out_qs_Official/2/query72/query72_0.sql
0.026993601, 0.288907587
0.027880117, 0.304881668
0.020630896, 0.291785002
0.021000803, 0.291861414
0.021328413, 0.290251134
0.020536472, 0.291724856
0.017574919, 0.289925711
0.017357427, 0.292599875
0.020222685, 0.292237955
0.017479357, 0.290063927
0.020334407, 0.291229672
0.019277336, 0.290540542
0.027324526, 0.290649261
0.019238157, 0.291295949
0.018746469, 0.290268279
execute /home/pei/Project/benchmarks/tpcds-kit/tools/1_instance_out_qs_Official/2/query73/query73_0.sql
0.004170206, 0.314681188
0.002319446, 0.308381301
0.003321912, 0.313500357
0.002556563, 0.308795064
0.003342480, 0.313025184
0.003311995, 0.322580498
0.003309838, 0.313940350
0.002316730, 0.308379035
0.003306909, 0.313766123
0.002345764, 0.309633103
0.002944509, 0.311326857
0.002313762, 0.310903135
0.003332867, 0.313873256
0.002326886, 0.311445505
0.003287367, 0.313108485
execute /home/pei/Project/benchmarks/tpcds-kit/tools/1_instance_out_qs_Official/2/query75/query75_0.sql
0.008960935, 1.251297948
0.007692230, 1.227515914
0.004235704, 1.224450848
0.004613091, 1.233280733
0.004233666, 1.231041321
0.004269788, 1.235005658
0.006527236, 1.231295884
0.004253454, 1.229286593
0.004893187, 1.231986579
0.004224018, 1.222655279
0.006520219, 1.227567956
0.004250821, 1.229842776
0.006566228, 1.232396787
0.004207765, 1.233055331
0.006504438, 1.224876112
execute /home/pei/Project/benchmarks/tpcds-kit/tools/1_instance_out_qs_Official/2/query76/query76_0.sql
0.002851990, 0.401019091
0.002788988, 0.384412095
0.004058414, 0.388817137
0.003994068, 0.386449437
0.003999656, 0.392858353
0.002799553, 0.386333520
0.003290868, 0.388258403
0.002967793, 0.383202261
0.002758213, 0.386846842
0.002811327, 0.387056039
0.002779947, 0.387695467
0.004010139, 0.391244934
0.004002204, 0.391629849
0.002773366, 0.385712409
0.004019729, 0.386052304
execute /home/pei/Project/benchmarks/tpcds-kit/tools/1_instance_out_qs_Official/2/query77/query77_0.sql
0.003819406, 0.434757054
0.005487084, 0.433440585
0.003974582, 0.433266675
0.005515688, 0.447250906
0.005413834, 0.433076199
0.004273357, 0.433290196
0.003795318, 0.431635101
0.005528410, 0.435399166
0.005447777, 0.434912360
0.005474872, 0.434947020
0.003791103, 0.431126296
0.003747329, 0.433825219
0.003772330, 0.434118798
0.003728884, 0.432070584
0.004286903, 0.433929528
execute /home/pei/Project/benchmarks/tpcds-kit/tools/1_instance_out_qs_Official/2/query78/query78_0.sql
0.005976590, 2.256885385
0.005102669, 2.213630274
0.004280066, 2.226436091
0.004277066, 2.209066930
0.007181014, 2.214609707
0.006533859, 2.218878552
0.004319792, 2.229338606
0.007403135, 2.222104030
0.004262014, 2.207605347
0.005700110, 2.209313537
0.006545637, 2.210150363
0.004910373, 2.210244177
0.006382750, 2.226059218
0.004245186, 2.207467799
0.006419608, 2.227561673
execute /home/pei/Project/benchmarks/tpcds-kit/tools/1_instance_out_qs_Official/2/query79/query79_0.sql
0.003822182, 0.364535687
0.003236525, 0.362654439
0.003224525, 0.362596201
0.003247143, 0.372286627
0.003234067, 0.361836099
0.003239136, 0.372640453
0.002228753, 0.358403808
0.002257097, 0.357572543
0.003231215, 0.362246759
0.002221284, 0.356832867
0.002265183, 0.358499703
0.002233184, 0.357583372
0.002252421, 0.360361728
0.002184413, 0.357355013
0.002563068, 0.358868492
execute /home/pei/Project/benchmarks/tpcds-kit/tools/1_instance_out_qs_Official/2/query80/query80_0.sql
0.010110301, 0.444919959
0.008507414, 0.436844040
0.009547766, 0.441330052
0.006089749, 0.434451603
0.008353551, 0.435598402
0.006085154, 0.434247931
0.006198231, 0.438202493
0.008090572, 0.436596701
0.006229438, 0.436716354
0.006070947, 0.436929772
0.006086100, 0.438505740
0.009495321, 0.436958657
0.006100875, 0.442148681
0.009149382, 0.436337758
0.009596580, 0.447138959
execute /home/pei/Project/benchmarks/tpcds-kit/tools/1_instance_out_qs_Official/2/query83/query83_0.sql
0.004230107, 0.103669344
0.004210820, 0.085730384
0.004133608, 0.086718997
0.004057581, 0.089291272
0.004058446, 0.098185128
0.004135754, 0.096988731
0.002890646, 0.085570763
0.003609241, 0.086091965
0.004142330, 0.088350583
0.002820120, 0.086943300
0.004158950, 0.098014589
0.004163300, 0.088386944
0.002907233, 0.087038027
0.002870538, 0.086415398
0.002822039, 0.086179876
execute /home/pei/Project/benchmarks/tpcds-kit/tools/1_instance_out_qs_Official/2/query87/query87_0.sql
0.003973086, 2.397576029
0.003318385, 2.384158851
0.003658745, 2.391751068
0.003661228, 2.398993292
0.002654688, 2.382887831
0.003708987, 2.386163348
0.003722442, 2.399287125
0.003682017, 2.385656384
0.003717989, 2.388536673
0.002693269, 2.386444325
0.003717866, 2.384088545
0.003875084, 2.389301012
0.003692978, 2.378629551
0.003175302, 2.381827273
0.003698960, 2.378779778
execute /home/pei/Project/benchmarks/tpcds-kit/tools/1_instance_out_qs_Official/2/query88/query88_0.sql
0.006308270, 2.002484051
0.003965375, 1.985935667
0.006023521, 1.977727902
0.003859832, 1.979382755
0.003892782, 1.982795579
0.006037886, 1.996259472
0.006123209, 1.980381556
0.006043449, 1.977024269
0.003846926, 1.982525419
0.003805975, 1.976573493
0.003923262, 1.977327452
0.003850698, 1.980652671
0.006114132, 1.968705315
0.003991090, 1.960901061
0.006144353, 1.966519871
execute /home/pei/Project/benchmarks/tpcds-kit/tools/1_instance_out_qs_Official/2/query89/query89_0.sql
0.002619124, 0.398328629
0.002381699, 0.394052083
0.003511558, 0.395149923
0.003572117, 0.394686105
0.002432231, 0.396955739
0.003571169, 0.395732120
0.003470812, 0.394035469
0.002378915, 0.393746684
0.002391665, 0.395595805
0.003530045, 0.395436862
0.002407854, 0.391583977
0.003511761, 0.395337693
0.004361084, 0.403464303
0.002372826, 0.393575112
0.002539140, 0.399234795
execute /home/pei/Project/benchmarks/tpcds-kit/tools/1_instance_out_qs_Official/2/query90/query90_0.sql
0.001960583, 0.185268801
0.001892644, 0.175448380
0.001869389, 0.179360628
0.001336963, 0.174638226
0.001377326, 0.176279381
0.001910462, 0.177601184
0.001848266, 0.176771599
0.001364858, 0.174177911
0.001821138, 0.176521067
0.001339995, 0.174020412
0.001412873, 0.172460355
0.001777946, 0.176395605
0.001375785, 0.172803133
0.001685340, 0.173190477
0.001821465, 0.184711368
execute /home/pei/Project/benchmarks/tpcds-kit/tools/1_instance_out_qs_Official/2/query93/query93_0.sql
0.001709114, 0.085944398
0.001680131, 0.052984423
0.001932858, 0.052322088
0.001630448, 0.052936680
0.002326063, 0.053326781
0.001586631, 0.052458718
0.002334001, 0.052916301
0.002388512, 0.056444346
0.002384198, 0.054995478
0.002393393, 0.056009050
0.002320792, 0.053273209
0.001725586, 0.052650888
0.002346312, 0.059349816
0.002454940, 0.053061945
0.002323086, 0.053540359
execute /home/pei/Project/benchmarks/tpcds-kit/tools/1_instance_out_qs_Official/2/query97/query97_0.sql
0.002605856, 0.705816084
0.002581284, 0.681201349
0.002492982, 0.683146362
0.002536478, 0.680935991
0.002258893, 0.676859840
0.002521156, 0.679798628
0.002539151, 0.678090111
0.002862803, 0.677682209
0.002522722, 0.677857936
0.002521916, 0.678434101
0.002545356, 0.676600132
0.001927602, 0.675523706
0.002547352, 0.675957185
0.001901823, 0.676197036
0.001822958, 0.678291160
